Business Name,City
Enhanced beauty + wellness,Calgary
Calgary MD aesthetics,Calgary
Glass Skin Laser Boutique,Calgary
Aisthetikos Wellness & Advanced Medical Aesthetics,Calgary
PHI Medical Aesthetics,Calgary
Elante rejuvenation,Calgary
GLO Antiaging Treatment Bar,Calgary
Skin clinics,Calgary
JRAD SKIN,Calgary
Aesthetics Pro by Mission Health Endermologie Centre,Calgary
Bardot beauty,Calgary
Pure medical aesthetics,Calgary
Eira laser inc,Calgary
Oval beauty bar and laser clinic,Calgary
Papillon Medical Dermatology,Calgary
Avona medical aesthetics,Calgary
Zen laser and skin calgary,Calgary
Natology,Calgary
The loft laser and skin aesthetics,Calgary
Vivi aesthetics + spa,Calgary
Skin lab yyc,Calgary
Xthetics face and body sculpt,Calgary
Franks by Frida Beauty Bar,Calgary
Face skin and body bar,Calgary
D & M treatments medispa,Calgary
Fade away laser and skin centre,Calgary
Yyc botox & fillers,Calgary
Calgary laser health and beauty,Calgary
Visor medi spa and boutique,Calgary
Live younger,Calgary
New skin yyc,Calgary
Britannia dermedics,Calgary
Dr. Farrah yau plastic surgeon,Calgary
Zulu medical cosmetics,Calgary
Skin laser genesis,Calgary
The symm label,Calgary
Skinscience inc,Calgary
Canada skin and laser clinic,Calgary
Lumi glow laser,Calgary
Sapphire spa and laser,Calgary
Remington laser dermatology centre,Calgary
Envy beauty lab and laser,Calgary
Refirm,Calgary
Rejuvenation dermatology,Calgary
Beauty edit medical aesthetics,Calgary
Essence wellness clinic,Calgary
Thermae,Calgary
The aesthetic atelier,Calgary
Dermapure wildwood,Calgary
Noir medical aesthetics,Calgary
Vitality skin bar,Calgary
Evergreen cosmetic,Calgary
Genuvis beauty,Calgary
Best skin beauty clinic northwest calgary,Calgary
Oasis skin institute,Calgary
Beauty call medical aesthetics,Calgary
yyc beauty lounge,Calgary
Tarora rejuvenation,Calgary
Innovative aesthetics solutions,Calgary
The spa ritual,Calgary
The longevity lab,Calgary
Northwest dermatology,Calgary
Beauty maker institute,Calgary
Born beautiful laser clinic,Calgary
Vanity skin laser inc,Calgary
Glow up lab,Calgary
Coco laser and skin,Calgary
MLE spa & integrative wellness,Calgary
Freya medispa & wellness,Calgary
Cool laser skin clinic,Calgary
Century derma lounge,Calgary
UNIMED skincare & laser clinic,Calgary
LilyDermis,Calgary
Skinnovation laser aesthetics,Calgary
Skin clinical calgary,Calgary
Elysian laser and aesthetics,Calgary
Lavana medical aesthetics,Calgary
Renew glow laser,Calgary
Dr. Adrian Gili,Calgary
Aesthetica Maria,Calgary
MoDerm Laser and Aesthetics,Calgary
The laser lab,Calgary
Eternal beauty institute,Calgary
Glow up by Maryam,Calgary
Fly medi spa,Calgary
Calgary hair loss and laser center,Calgary
Celine laser hair removal,Calgary
Lets face it,Calgary
TT aesthetics yyc,Calgary
Cityscape Square Medical Clinic,Calgary
Elite aesthetics,Calgary
3d lifestyle medical aesthetics,Calgary
Lavish beauty laser med spa,Calgary
YHVH medical and aesthetic clinic,Calgary
DermaKarma laser spa,Calgary
Skin Laser Bar,Calgary
G's aesthetic room,Calgary
One medical aesthetics,Calgary
Marvys skin care laser,Calgary
Boss beauty laser and wellness clinic,Calgary
CARES medical clinic,Calgary
MH aesthetic clinic,Calgary
Advance laser clinic,Calgary
THE COLLECTIVE CLINIC,Calgary
Michelle esthetics skin laser body,Calgary
Derma lesions medspa & training centre,Calgary
NEA precision skin,Calgary
Ooyu skin medi spa,Calgary
Luminous skin & laser,Calgary
Genesis aesthetics,Calgary
JuvyDerm Skin Care And Laser Centre,Calgary
Anchor medical aesthetics,Calgary
In my skin,Calgary
Beauty lab and wellness medical spa,Calgary
Ageless by sonia,Calgary
Pear aesthetics,Calgary
Ikaria medical aesthetics,Calgary
Elegance medispa,Calgary
Allure beauty & laser,Calgary
The aesthetic room,Calgary
Eden laser & aesthetics,Calgary
Calgary aesthetics medicine by define beauty,Calgary
Flawless clinical aesthetics and medical services,Calgary
Ensoul aesthetics & wellness,Calgary
My girl Souz,Calgary
Faces skin clinic,Calgary
Kalon medical aesthetics,Calgary
Pristine health clinic,Calgary
Glow to go skin studio,Calgary
Foxy box laser & wax bar,Calgary
Vital body & skin,Calgary
Genuvis beauty nw,Calgary
Heal Skin Lab,Calgary
Diamond beauty centre,Calgary
Fresh face esthetics,Calgary
Dermnurse YYC,Calgary
The Dermatology Centre,Calgary
Ivy laser and aesthetics,Calgary
Colab medical aesthetics,Calgary
Storwick dermatology,Calgary
Dr. Kirk barber dermatology,Calgary
Skin vault,Calgary
GENESIS ADVANCED MEDICAL AESTHETICS,Calgary
Radiance day spa,Calgary
Yyc laser & Skincare,Calgary
Stacey irvine skin,Calgary
Derm.Ca,Calgary
Beacon Dermatology,Calgary
Dermphi Centre,Calgary
Dermapure Calgary Chaparral,Calgary
Skin Health & Wellness Centre,Calgary
RejuvaDerm Calgary,Calgary
Market Mall Cosmetic & Laser Dermatology,Calgary
Lakeview Medical Clinic,Calgary
Humana Medical Clinic,Calgary
EvolveWell Integrative Medical Clinic,Calgary
Calgary MD Medical Clinic,Calgary
MEDIHOME Medical Clinic,Calgary
The Glenmore Clinic,Calgary
Opal Medical Clinic & Aesthetics,Calgary
YYC Laser & Skincare,Calgary
SkinLAB YYC,Calgary
DermNurse Medical Aesthetics,Calgary
Clear Skincare Clinics Calgary,Calgary
Luminous Skin Laser & Tattoo Removal,Calgary
Esthetically DG Inc,Calgary
Foxy Box Aesthetics,Calgary
RENEW GLOW LASER,Calgary
Injections by Paula,Calgary
Britannia Dermedics,Calgary
Coco Laser & Skin,Calgary
SkinScience Inc,Calgary
Essence Wellness - Sage Hill,Calgary
Essence Wellness Clinic - Marda Loop,Calgary
Essence Wellness - Mahogany,Calgary
Essence Wellness - Willow Park,Calgary
MedStyle Cosmetic Clinic,Calgary
Cerulean Plastic Surgery Centre,Calgary
Xthetics Face & Body Sculpt,Calgary
You Glow Aesthetics NW,Calgary
We Do Esthetics Laser & Skin Clinic Calgary,Calgary
Westside Laser & Light,Calgary
GlowUp Lab,Calgary
Flawless Clinical Aesthetics,Calgary
Butter Beauty Parlour,Calgary
Preventous Cosmetic Medicine,Calgary
YYC Botox & Fillers,Calgary
Fresh Laser Skin Studio,Calgary
Vital Body + Skin,Calgary
Revive Laser & Skin Clinic,Calgary
Skinista Medical Aesthetics Clinic,Calgary
REFIRM,Calgary
Pretty and Poised Medical Aesthetics,Calgary
Dr Beeautiful Aesthetics,Calgary
Skinvisible Laser & Aesthetics,Calgary
RestoBod Laser & Skin Clinics,Calgary
SkinMedics Calgary,Calgary
Bonsai Medical Aesthetics,Calgary
Revive Medical spa Calgary,Calgary
Sculpt Aesthetics Calgary,Calgary
Lumiere Aesthetics,Calgary
Kane Medical Aesthetics,Calgary
Miliano Medical Aesthetics,Calgary
Muse Aesthetics,Calgary
COLAB Medical Aesthetics,Calgary
Amber & Oak Aesthetics,Calgary
Point of View Medical Aesthetics,Calgary
Thermae Advanced Aesthetics,Calgary
Medi Derm Spa,Calgary
Calgary Aesthetic Clinic,Calgary
Blue Diamond Medical Aesthetics,Calgary
Glowup Aesthetic Academy,Calgary
Glow Medical Aesthetics,Calgary
Zenith Aesthetics,Calgary
Essence Medical Aesthetics,Calgary
Calgary Skin Cancer Centre,Calgary
Aspire Medical Aesthetics,Calgary
SKN YYC Aesthetics,Calgary
Fresh Faces Medical Aesthetics,Calgary
Kalon Medical Aesthetics,Calgary
SKIN Clinics,Calgary
NEA Medical Aesthetic Clinic,Calgary
Pure Aesthetics Calgary,Calgary
The Spa Ritual,Calgary
Alexis Medi Spa,Calgary
Fade Away Laser & Skin Centre,Calgary
DermaVital,Calgary
Calgary Laser Health & Beauty Centre,Calgary
D&M Treatments Medispa,Calgary
FLY MediSpa,Calgary
Ensoul Aesthetics & Wellness,Calgary
LumiGlow Laser,Calgary
Aesthetics Pro,Calgary
Kindred Aesthetics,Calgary
Ministry of Skin,Calgary
Jade skin health,Calgary
Arlo Medical Injections,Calgary
Sapphire Spa & Laser,Calgary
Vive Medical spa,Calgary
REIGN Medical spa & Wellness,Calgary
Lifepath MedSpa,Calgary
Calgary MediSpa,Calgary
Best Skin Clinic Calgary,Calgary
Viso Medi Spa & Boutique,Calgary
JRAD Skin,Calgary
Skoah Calgary,Calgary
Zulu Medical Cosmetics,Calgary
The Injectionist & Aesthetics,Calgary
Enhanced Beauty & Wellness,Calgary
Genesis Advanced Medical Aesthetics,Calgary
Muto Beauty Centre,Calgary
Elegance Medispa,Calgary
Elante Rejuvenation,Calgary
Illume Skin & Laser,Calgary
Elysian Laser Aesthetics,Calgary
The Laser Lab,Calgary
Skin Laser Genesis,Calgary
Canada Skin And Laser Clinic,Calgary
MANA Aesthetics,Calgary
NINA Aesthetics,Calgary
Utopia Spa Center,Calgary
luma by Dr. Amane,Calgary
Illuminate Skin and Wellness,Calgary
Vivi Aesthetics & Spa Edmonton Trail,Calgary
Natology Medi Spa,Calgary
Glass Skin Laser Boutique,Calgary
Juvea Aesthetics Medi Spa,Calgary
Bardot Beauty Boutique,Calgary
Beauty lab & Wellness Medical spa,Calgary
Avona Medical Aesthetics & Sknn Aesthetics,Calgary
Vivi Aesthetics & Spa Downtown,Calgary
Luxe Skincare & Esthetics,Calgary
Signature Medical Aesthetics,Calgary
Elite The Center For Skin,Calgary
Radiance Skin Rejuvenation Centre,Calgary
Envy Beauty Lab + Laser,Calgary
Elevate Medical spa Calgary,Calgary
Calgary Vein & Laser,Calgary
The Aesthetic Room,Calgary
Medical Aesthetics by Jessica,Calgary
The Aesthetic Clinic,Calgary
Dermapure Chaparral,Calgary
New Skin YYC Laser & Skincare,Calgary
The Symm Label,Calgary
Skinfluence Medical Spa,Calgary
Century Derma Lounge,Calgary
RnD Skin Co,Calgary
Dare Medical Aesthetics,Calgary
Halo Beauty Bar,Calgary
Ovilaser Medical Spa,Calgary
The MM Clinic,Calgary
Skin Science Aesthetics,Calgary
Dr. Kristina Zakhary,Calgary
Macleod Trail Plastic Surgery,Calgary
Jeffrey C. Dawes MD,Calgary
Dr. Paul Whidden,Calgary
Demsey Plastic Surgery,Calgary
EARL CAMPBELL PROFESSIONAL CORP,Calgary
FARRAH YAU PROFESSIONAL CORP,Calgary
Dr. Justin Yeung,Calgary
Dr. Aaron Knox,Calgary
Dr. Alex Hatchell,Calgary
Dr. Peter Mankowski,Calgary
Remington dermatology,Calgary
Anastasias beauty,Calgary
You glow aesthetics,Calgary
NuSpa,Calgary
Dermphi centre,Calgary
Revive laser and skin clinic,Calgary
Opal medical clinic & aesthetics,Calgary
Glowify skin and laser,Calgary
Radiance skin rejuvenation centre,Calgary
Rejuve,Calgary
Skinetic Kensington,Calgary
flawless laser body and sculpt,Calgary
Novocare medical clinic,Calgary
Richmond Square medical centre,Calgary
Jade skin health signal hill,Calgary
Medstyle cosmetic clinic,Calgary
Younity aesthetic,Calgary
Glass skin,Calgary
CAVABIEN,Calgary
Vmedi services,Calgary
The BLISS LABS,Calgary
Prestige medi spa,Calgary
Southern alberta surgical centre,Calgary
Ageless esthetics,Calgary
Reign medspa & wellness,Calgary
Glacier skin bar,Calgary
Lakeview medical clinic,Calgary
Skinvisible laser and aesthetics,Calgary
Face & co,Calgary
Halo beauty bar,Calgary
Arlo medical injections,Calgary
Sky aesthetics,Calgary
Silk Touch Esthetics Inc,Calgary
The Collective Clinic,Calgary
EWA Medical Aesthetics South,Calgary
EWA Medical Aesthetics North,Calgary
Christine Aesthetics & Wellness,Calgary
Aesthetics by Nafey,Calgary
